{"_id":"5b675dc1dbf0d8dbb2958487","shortid":"SJVbqZr9f","name":"OrdersHeader","recipe":"chrome-pdf","engine":"handlebars","content":"<!-- \r\n    Template representing pdf header for Orders template.\r\n    See the docs about pdf utils extension for more details.\r\n!-->\r\n<html>\r\n<head>\r\n    <meta content=\"text/html; charset=utf-8\" http-equiv=\"Content-Type\">\r\n    <link rel=\"stylesheet\" href=\"https://cdnjs.cloudflare.com/ajax/libs/metro/4.1.5/css/metro.min.css\">\r\n</head>\r\n<body>\r\n    {{#with (lookup $pdf.pages $pdf.pageIndex)}}\r\n    <h1>{{group}}</h1>\r\n    {{/with}}\r\n</body>\r\n</html>","chrome":{"marginTop":"1.5cm","marginRight":"1.5cm","marginLeft":"1.cm","headerTemplate":"","footerTemplate":""},"helpers":"","modificationDate":"2018-08-05T20:27:45.924Z","workspaceId":"5b675db8dbf0d8186f958485","folder":{"shortid":"jJm9RYYt"}}